title,street_name_and_no,zip_code,city,country,website,phone
Bäckerei & Eiscafé Hübner,Borsbergstraße 1,01328,Dresden,Deutschland,https://www.baeckerei-huebner.de/,+49 351 2683309
Café Toscana,Schillerpl. 7,01309,Dresden,Deutschland,http://www.cafe-toscana.de/,+49 351 3100744
Kaffee Wippler GmbH,Körnerpl. 2,01326,Dresden,Deutschland,http://www.konditorei-wippler.de/,+49 351 2698040
Café Hüblers,Hüblerstraße 2,01309,Dresden,Deutschland,https://baeckerei-matzker.de/cafe-hueblers/,+49 351 31905530
Cafe Luk,Grundstraße 174,01324,Dresden,Deutschland,http://www.cafe-luk.de/,+49 351 65399150
Charlottes Enkel Cafe,Loschwitzer Str. 58,01309,Dresden,Deutschland,http://www.charlottesenkel.com/,+49 351 31208030
Café Lino,Schandauer Str. 23 D,01309,Dresden,Deutschland,http://xn--caflino-dya.de/,+49 351 21933955
Bäckerei Dreißig,Alttolkewitz 26,01279,Dresden,Deutschland,https://www.baeckerei-dreissig.de/,+49 351 25969644
Unser Bäcker - Bäckerei und Konditorei GmbH,Leubener Str. 34,01279,Dresden,Deutschland,https://www.unser-baecker.de/,+49 351 21760463
Ottendorfer Mühlenbäcker,Bautzner Landstraße 112-114,01324,Dresden,Deutschland,https://muehlenbaecker.de/,+49 351 31410715
Café Schwebebahn,Sierksstraße 2,01326,Dresden,Deutschland,https://cafe-schwebebahn.jimdofree.com/,+49 1577 0160514
Café Milchmädchen,Grunaer Str. 27,01069,Dresden,Deutschland,http://milchmaedchen-cafe.de/,+49 351 21512735
"Windmüllerhaus Zaschendorf, Café",Zum Triebenberg 20,01328,Dresden,Deutschland,https://www.windmuellerhaus-zaschendorf.de/,+49 351 32309817
Bäckerei Wippler GmbH,Söbrigener Str. 1,01326,Dresden,Deutschland,https://www.baeckerei-wippler.de/,+49 351 4173660
Café Eisold an der Uniklinik,Fiedlerstraße 36,01307,Dresden,Deutschland,https://www.cafe-eisold.de/cafe-an-der-uniklinik.html,+49 351 4416324
Café Eisold am Fetscherplatz,Fetscherpl. 2A,01307,Dresden,Deutschland,https://www.cafe-eisold.de/cafe-am-fetscherplatz.html,+49 351 4594592
Café Luby,Hertzstraße 22,01257,Dresden,Deutschland,http://www.cultus-dresden.de/,
Café Continental,Görlitzer Str. 1,01099,Dresden,Deutschland,http://www.cafe-continental-dresden.de/,+49 351 2721722
Café Oswaldz,Bautzner Str. 9,01099,Dresden,Deutschland,http://www.oswaldz.de/,+49 173 4292053
Moka Café,Schützengasse 2,01067,Dresden,Deutschland,https://www.facebook.com/coffeemokadd/menu,+49 173 8258840
Café Caféklatsch,Königstraße 8,01097,Dresden,Deutschland,https://www.cafeklatsch-dresden.de/,+49 351 81157922
Café Markthalle,"Markthalle, Metzer Str. 1",01097,Dresden,Deutschland,https://www.cafe-markthalle.de/,+49 1523 6236115
KAFFEEHAUS im ITALIENISCHEN DÖRFCHEN,Theaterplatz 3,01067,Dresden,Deutschland,http://www.kaffeehaus-dresden.de/,+49 351 498160
T1 Bistro & Café,Kraftwerk Mitte 4,01067,Dresden,Deutschland,http://www.kraftwerk-mitte-dresden.de/einziehen/wir-sind-hier/t1-bistro-cafe.php,+49 351 48456751
Segafredo Zanetti Espresso,Webergasse 1,01067,Dresden,Deutschland,http://www.segafredocafe.com/,+49 351 33959298
Schloßcafé Emil Reimann,Schloßstraße 16,01067,Dresden,Deutschland,https://www.emil-reimann.de/de/filialen/uebersicht-unserer-filialen/schlosscafe-emil-reimann-1651.html,
Café am Ring - Bäckerei Krause,Ringstraße 7,01067,Dresden,Deutschland,http://www.xn--bckerei-krause-5hb.de/,+49 351 4954210
Emils 1910 Dresden,Hauptstraße 36,01097,Dresden,Deutschland,https://www.emils-1910.de/dresden/,+49 178 4509562
Borowski,Prager Str. 8A,01069,Dresden,Deutschland,http://www.borowski-dresden.de/,+49 351 4906411
Starbucks,Altmarkt 7,01067,Dresden,Deutschland,https://www.starbucks.de/?y_source=1_MTU0NTQyNjUtNzE1LWxvY2F0aW9uLndlYnNpdGU=,+49 351 43833967
ALEX Dresden am Schloss,Schloßstraße 7-9,01067,Dresden,Deutschland,http://www.dein-alex.de/dresden,+49 351 40763260
Bäckerei Dreißig,Altmarkt 7,01067,Dresden,Deutschland,https://www.baeckerei-dreissig.de/,+49 351 48484840
aha - LadenCafe,Kreuzstraße 7,01067,Dresden,Deutschland,http://www.ladencafe.de/,+49 351 4960673
BäckerCafé Fehrmann Dresden,Bremer Str. 14b,01067,Dresden,Deutschland,https://www.baecker-fehrmann.de/,+49 351 49771070
Starbucks,Prager Str. 15,01069,Dresden,Deutschland,https://www.starbucks.de/?y_source=1_MTU0NTQzMDktNzE1LWxvY2F0aW9uLndlYnNpdGU=,+49 351 4850950
Café Oswaldz,Bautzner Str. 9,01099,Dresden,Deutschland,http://www.oswaldz.de/,+49 173 4292053
Café Milchmädchen,Grunaer Str. 27,01069,Dresden,Deutschland,http://milchmaedchen-cafe.de/,+49 351 21512735
Café Milchmädchen,Grunaer Str. 27,01069,Dresden,Deutschland,http://milchmaedchen-cafe.de/,+49 351 21512735
Café Blau,Wundtstraße 1,01217,Dresden,Deutschland,https://www.studentenwerk-dresden.de/mensen/details-cafe-blau.html,+49 351 47940111
Café Milan Dresden,St. Petersburger Straße 22,01069,Dresden,Deutschland,https://www.cafe-milan.de/,+49 351 40467666
"Haferkater, Dresden Hbf",Wiener Platz 4,01069,Dresden,Deutschland,https://haferkater.com/,+49 30 47058936
Borowski,Prager Str. 8A,01069,Dresden,Deutschland,http://www.borowski-dresden.de/,+49 351 4906411
Starbucks,Prager Str. 15,01069,Dresden,Deutschland,https://www.starbucks.de/?y_source=1_MTU0NTQzMDktNzE1LWxvY2F0aW9uLndlYnNpdGU=,+49 351 4850950
insgrüne coffeebar,George-Bähr-Straße 7,01069,Dresden,Deutschland,http://www.studentenwerk-dresden.de/mensen/details-insgruene-coffeebar.html,+49 351 46337474
Starbucks,Wr. Pl. 4,01069,Dresden,Deutschland,https://www.starbucks.de/?y_source=1_MTU0NTQyNDYtNzE1LWxvY2F0aW9uLndlYnNpdGU=,+49 351 42776967
Bäckerei & Konditorei Laube,Schnorrstraße 48,01069,Dresden,Deutschland,https://www.baeckerei-laube.de/filialen-cafes/dresden-schnorrstrasse/,+49 351 86262868
Segafredo Zanetti Espresso,Webergasse 1,01067,Dresden,Deutschland,http://www.segafredocafe.com/,+49 351 33959298
Schmiddis Café,Eisenstuckstraße 17,01069,Dresden,Deutschland,https://www.schmiddis-dresden.de/,+49 160 5430238
Café am Ring - Bäckerei Krause,Ringstraße 7,01067,Dresden,Deutschland,http://www.xn--bckerei-krause-5hb.de/,+49 351 4954210
LE CROBAG - vor Gleis 9,"Wiener Platz, Am Hbf 4",01069,Dresden,Deutschland,https://www.lecrobag.de/,+49 351 4818498
Kaffeebar Chicco di caffè,Friedrich-List-Platz,01069,Dresden,Deutschland,https://chicco-di-caffe.de/,
Kaffanero,Rosenstraße 92,01159,Dresden,Deutschland,https://www.kaffanero.de/,+49 351 48618818
Starbucks,Altmarkt 7,01067,Dresden,Deutschland,https://www.starbucks.de/?y_source=1_MTU0NTQyNjUtNzE1LWxvY2F0aW9uLndlYnNpdGU=,+49 351 43833967
Café Oswaldz,Bautzner Str. 9,01099,Dresden,Deutschland,http://www.oswaldz.de/,+49 173 4292053
Café Continental,Görlitzer Str. 1,01099,Dresden,Deutschland,http://www.cafe-continental-dresden.de/,+49 351 2721722
Café Caféklatsch,Königstraße 8,01097,Dresden,Deutschland,https://www.cafeklatsch-dresden.de/,+49 351 81157922
Café Markthalle,"Markthalle, Metzer Str. 1",01097,Dresden,Deutschland,https://www.cafe-markthalle.de/,+49 1523 6236115
Café Europa,Königsbrücker Str. 68,01099,Dresden,Deutschland,https://www.cafe-europa-dresden.de/,+49 351 8044810
Café Eckstein,Alaunstraße 47,01099,Dresden,Deutschland,http://www.cafe-eckstein-dresden.de/,+49 351 81071166
KAWA-Espressobar | Dresden,Hechtstraße 7,01097,Dresden,Deutschland,https://www.instagram.com/kawa_espressobar/,
Café Glocke - Tagesbar & Café | Dresden-Neustadt,"Pulsnitzer Straße 1, Ecke, Martin-Luther-Platz",01099,Dresden,Deutschland,https://www.cafeglocke.de/,+49 351 89962500
Cafe & Bar Blumenau,Louisenstraße 67,01099,Dresden,Deutschland,http://www.cafe-blumenau.de/,+49 351 8026501
URBEAN - Brunch | Cake | Coffee,Bautzner Str. 6,01099,Dresden,Deutschland,http://www.urbean.de/,+49 351 27558135
"CANEU, Cafe Neustadt",Bautzner Str. 63,01099,Dresden,Deutschland,http://caneu.de/,+49 351 8996649
Cafe Cello,Bischofsweg 40,01099,Dresden,Deutschland,https://www.cafecello.de/,+49 351 81163525
Lloyd’s Café & Bar,Martin-Luther-Straße 17,01099,Dresden,Deutschland,http://www.lloyds-cafe-bar.de/,+49 351 5018774
Combo,Louisenstraße 66,01099,Dresden,Deutschland,https://www.facebook.com/CafeCombo/,
Emils 1910 Dresden,Hauptstraße 36,01097,Dresden,Deutschland,https://www.emils-1910.de/dresden/,+49 178 4509562
Bäckerei Dreißig,Königsbrücker Str. 76,01099,Dresden,Deutschland,https://www.baeckerei-dreissig.de/,+49 351 48484869
Konditorei und Café Maaß,Oschatzer Str. 13,01127,Dresden,Deutschland,http://cafe-maass.de/,+49 351 8495682
Café Andalieb,Louisenstraße 60,01099,Dresden,Deutschland,http://andalieb.de/,+49 351 30992024
TanteLeuk,Louisenstraße 24,01099,Dresden,Deutschland,http://tanteleuk.de/,+49 351 40754562
Café Oswaldz,Bautzner Str. 9,01099,Dresden,Deutschland,http://www.oswaldz.de/,+49 173 4292053
Café Continental,Görlitzer Str. 1,01099,Dresden,Deutschland,http://www.cafe-continental-dresden.de/,+49 351 2721722
Café Markthalle,"Markthalle, Metzer Str. 1",01097,Dresden,Deutschland,https://www.cafe-markthalle.de/,+49 1523 6236115
Café Europa,Königsbrücker Str. 68,01099,Dresden,Deutschland,https://www.cafe-europa-dresden.de/,+49 351 8044810
Café Eckstein,Alaunstraße 47,01099,Dresden,Deutschland,http://www.cafe-eckstein-dresden.de/,+49 351 81071166
KAWA-Espressobar | Dresden,Hechtstraße 7,01097,Dresden,Deutschland,https://www.instagram.com/kawa_espressobar/,
Café Glocke - Tagesbar & Café | Dresden-Neustadt,"Pulsnitzer Straße 1, Ecke, Martin-Luther-Platz",01099,Dresden,Deutschland,https://www.cafeglocke.de/,+49 351 89962500
Cafe & Bar Blumenau,Louisenstraße 67,01099,Dresden,Deutschland,http://www.cafe-blumenau.de/,+49 351 8026501
URBEAN - Brunch | Cake | Coffee,Bautzner Str. 6,01099,Dresden,Deutschland,http://www.urbean.de/,+49 351 27558135
"CANEU, Cafe Neustadt",Bautzner Str. 63,01099,Dresden,Deutschland,http://caneu.de/,+49 351 8996649
Cafe Cello,Bischofsweg 40,01099,Dresden,Deutschland,https://www.cafecello.de/,+49 351 81163525
Lloyd’s Café & Bar,Martin-Luther-Straße 17,01099,Dresden,Deutschland,http://www.lloyds-cafe-bar.de/,+49 351 5018774
Café Caféklatsch,Königstraße 8,01097,Dresden,Deutschland,https://www.cafeklatsch-dresden.de/,+49 351 81157922
Combo,Louisenstraße 66,01099,Dresden,Deutschland,https://www.facebook.com/CafeCombo/,
Emils 1910 Dresden,Hauptstraße 36,01097,Dresden,Deutschland,https://www.emils-1910.de/dresden/,+49 178 4509562
Bäckerei Dreißig,Königsbrücker Str. 76,01099,Dresden,Deutschland,https://www.baeckerei-dreissig.de/,+49 351 48484869
Café Andalieb,Louisenstraße 60,01099,Dresden,Deutschland,http://andalieb.de/,+49 351 30992024
TanteLeuk,Louisenstraße 24,01099,Dresden,Deutschland,http://tanteleuk.de/,+49 351 40754562
Ottendorfer Mühlenbäcker,Königsbrücker Landstraße 303,01108,Dresden,Deutschland,https://muehlenbaecker.de/,+49 351 40468360
Bäckerei Petzold - Backshop im EKZ Weixdorf,Hohenbusch-Markt 1,01108,Dresden,Deutschland,http://www.baeckerei-petzold.de/,+49 351 8905656
Montagsgasthof,Großteichdamm 1,01108,Dresden,Deutschland,https://www.zusammen-fuer-weixdorf.de/,
Thomas Zscheile,Boltenhagener Str. 89,01109,Dresden,Deutschland,https://www.konditorei-zscheile.de/,+49 351 8804574
Café Europa,Königsbrücker Str. 68,01099,Dresden,Deutschland,https://www.cafe-europa-dresden.de/,+49 351 8044810
Ottendorfer Mühlenbäcker,Frankenfurt 1B,01458,Ottendorf-Okrilla,Deutschland,http://www.muehlenbaecker.de/,+49 35205 45026
Café Continental,Görlitzer Str. 1,01099,Dresden,Deutschland,http://www.cafe-continental-dresden.de/,+49 351 2721722
Königswald Inh. Elke u. Ute Donath,Königsbrücker Landstraße 69,01109,Dresden,Deutschland,https://baeckerei-donath.de/cafe-koenigswald/,+49 351 8908627
Café Eckstein,Alaunstraße 47,01099,Dresden,Deutschland,http://www.cafe-eckstein-dresden.de/,+49 351 81071166
Café Oswaldz,Bautzner Str. 9,01099,Dresden,Deutschland,http://www.oswaldz.de/,+49 173 4292053
KAWA-Espressobar | Dresden,Hechtstraße 7,01097,Dresden,Deutschland,https://www.instagram.com/kawa_espressobar/,
Café zum Türmchen,Industriestraße 12,01129,Dresden,Deutschland,https://www.baeckerei-cafe-eckert.de/,+49 351 8435324
Café Milchmädchen,Grunaer Str. 27,01069,Dresden,Deutschland,http://milchmaedchen-cafe.de/,+49 351 21512735
Café Flair,Pulsnitzer Str. 67A,01454,Radeberg,Deutschland,https://m.facebook.com/Caf%C3%A9-FLAIR-Biergarten-905283806220198/?locale2=de_DE,+49 3528 2292490
Café Caféklatsch,Königstraße 8,01097,Dresden,Deutschland,https://www.cafeklatsch-dresden.de/,+49 351 81157922
Café Markthalle,"Markthalle, Metzer Str. 1",01097,Dresden,Deutschland,https://www.cafe-markthalle.de/,+49 1523 6236115
Thomas Zscheile,Boltenhagener Str. 89,01109,Dresden,Deutschland,https://www.konditorei-zscheile.de/,+49 351 8804574
Hellerauer Marktbäcker Inhaber Torsten Eckert,Markt 1,01109,Dresden,Deutschland,http://www.hellerauermarktbaecker.de/,+49 351 87978012
Eisold Bäckerei - Konditorei - Café,Karl-Marx-Straße 9,01109,Dresden,Deutschland,http://www.cafe-eisold.de/,+49 351 8010833
Yoga Art Café Maya,Grüner Weg 3,01109,Dresden,Deutschland,http://www.mayayoga.de/,+49 351 82108426
Königswald Inh. Elke u. Ute Donath,Königsbrücker Landstraße 69,01109,Dresden,Deutschland,https://baeckerei-donath.de/cafe-koenigswald/,+49 351 8908627
Bäckerei Petzold - Backshop im Fontane-Center,Sagarder Weg 1,01109,Dresden,Deutschland,http://www.baeckerei-petzold.de/,+49 351 8888496
Café zum Türmchen,Industriestraße 12,01129,Dresden,Deutschland,https://www.baeckerei-cafe-eckert.de/,+49 351 8435324
Café Europa,Königsbrücker Str. 68,01099,Dresden,Deutschland,https://www.cafe-europa-dresden.de/,+49 351 8044810
KAWA-Espressobar | Dresden,Hechtstraße 7,01097,Dresden,Deutschland,https://www.instagram.com/kawa_espressobar/,
Café Continental,Görlitzer Str. 1,01099,Dresden,Deutschland,http://www.cafe-continental-dresden.de/,+49 351 2721722
Café Eckstein,Alaunstraße 47,01099,Dresden,Deutschland,http://www.cafe-eckstein-dresden.de/,+49 351 81071166
Café Genuss,Trachenberger Str. 72,01129,Dresden,Deutschland,http://www.cafegenuss-dresden.de/,+49 351 8748273
Café Oswaldz,Bautzner Str. 9,01099,Dresden,Deutschland,http://www.oswaldz.de/,+49 173 4292053
Ottendorfer Mühlenbäcker,Keulenbergstraße 34,01109,Dresden,Deutschland,http://www.muehlenbaecker.de/,+49 351 88961092
Café Caféklatsch,Königstraße 8,01097,Dresden,Deutschland,https://www.cafeklatsch-dresden.de/,+49 351 81157922
Café Markthalle,"Markthalle, Metzer Str. 1",01097,Dresden,Deutschland,https://www.cafe-markthalle.de/,+49 1523 6236115
Cafe Cello,Bischofsweg 40,01099,Dresden,Deutschland,https://www.cafecello.de/,+49 351 81163525
KAWA-Espressobar | Dresden,Hechtstraße 7,01097,Dresden,Deutschland,https://www.instagram.com/kawa_espressobar/,
Café zum Türmchen,Industriestraße 12,01129,Dresden,Deutschland,https://www.baeckerei-cafe-eckert.de/,+49 351 8435324
Landbäckerei Schmidt GmbH - Café,Großenhainer Str. 111,01127,Dresden,Deutschland,https://www.landbaeckerei-schmidt.de/,+49 351 79526830
Konditorei und Café Maaß,Oschatzer Str. 13,01127,Dresden,Deutschland,http://cafe-maass.de/,+49 351 8495682
Café Europa,Königsbrücker Str. 68,01099,Dresden,Deutschland,https://www.cafe-europa-dresden.de/,+49 351 8044810
Ännes Café,Konkordienstraße 46,01127,Dresden,Deutschland,https://www.gemuesetorte.de/,+49 351 33232812
Café Mahlgrad 156,Leipziger Str. 156,01127,Dresden,Deutschland,http://www.cafe-mahlgrad.de/,+49 351 27596986
Ottendorfer Mühlenbäcker,Großenhainer Str. 108,01129,Dresden,Deutschland,http://www.muehlenbaecker.de/,+49 351 84725216
Bäckerei Dreißig,Leipziger Str. 120,01127,Dresden,Deutschland,https://www.baeckerei-dreissig.de/,+49 351 28787880
Café Eckstein,Alaunstraße 47,01099,Dresden,Deutschland,http://www.cafe-eckstein-dresden.de/,+49 351 81071166
Café Continental,Görlitzer Str. 1,01099,Dresden,Deutschland,http://www.cafe-continental-dresden.de/,+49 351 2721722
Charlottes Enkel Café,Weinböhlaer Str. 9,01127,Dresden,Deutschland,https://www.charlottesenkel.com/,+49 351 65617708
Café Oswaldz,Bautzner Str. 9,01099,Dresden,Deutschland,http://www.oswaldz.de/,+49 173 4292053
Unser Bäcker - Bäckerei und Konditorei GmbH,Weinböhlaer Str. 68,01127,Dresden,Deutschland,https://www.unser-baecker.de/,+49 351 81041727
Café Caféklatsch,Königstraße 8,01097,Dresden,Deutschland,https://www.cafeklatsch-dresden.de/,+49 351 81157922
Café zum Türmchen,Industriestraße 12,01129,Dresden,Deutschland,https://www.baeckerei-cafe-eckert.de/,+49 351 8435324
Landbäckerei Schmidt GmbH - Café,Großenhainer Str. 111,01127,Dresden,Deutschland,https://www.landbaeckerei-schmidt.de/,+49 351 79526830
Café Genuss,Trachenberger Str. 72,01129,Dresden,Deutschland,http://www.cafegenuss-dresden.de/,+49 351 8748273
Ottendorfer Mühlenbäcker,Großenhainer Str. 108,01129,Dresden,Deutschland,http://www.muehlenbaecker.de/,+49 351 84725216
Bäckerei Konditorei Claus GmbH & Co. KG,Großenhainer Str. 169,01129,Dresden,Deutschland,https://www.baeckerei-claus.de/filialen/,+49 351 8497777
Primus Service GmbH,"Cafeteria, Industriestraße 40 Städtisches Klinikum Dresden",01129,Dresden,Deutschland,https://www.primus-service.de/,+49 221 977070
Ottendorfer Mühlenbäcker,Großenhainer Str. 156,01129,Dresden,Deutschland,https://muehlenbaecker.de/,+49 351 86293279
Eiscafé Dolce Vita,Peschelstraße 33,01139,Dresden,Deutschland,http://www.eiscafe-dolce-vita.de/,+49 351 7957625
Unser Bäcker - Bäckerei und Konditorei GmbH,Weinböhlaer Str. 68,01127,Dresden,Deutschland,https://www.unser-baecker.de/,+49 351 81041727
Café goldrichtig,Leipziger Str. 220,01139,Dresden,Deutschland,https://dresden.feg.de/gemeindeleben/cafe-goldrichtig/,
KAWA-Espressobar | Dresden,Hechtstraße 7,01097,Dresden,Deutschland,https://www.instagram.com/kawa_espressobar/,
Café Mahlgrad 156,Leipziger Str. 156,01127,Dresden,Deutschland,http://www.cafe-mahlgrad.de/,+49 351 27596986
Café Europa,Königsbrücker Str. 68,01099,Dresden,Deutschland,https://www.cafe-europa-dresden.de/,+49 351 8044810
Café Eckstein,Alaunstraße 47,01099,Dresden,Deutschland,http://www.cafe-eckstein-dresden.de/,+49 351 81071166
Café zum Türmchen,Industriestraße 12,01129,Dresden,Deutschland,https://www.baeckerei-cafe-eckert.de/,+49 351 8435324
Eiscafé Dolce Vita,Peschelstraße 33,01139,Dresden,Deutschland,http://www.eiscafe-dolce-vita.de/,+49 351 7957625
Café Mahlgrad 156,Leipziger Str. 156,01127,Dresden,Deutschland,http://www.cafe-mahlgrad.de/,+49 351 27596986
Ottendorfer Mühlenbäcker,Kopernikusstraße 42,01129,Dresden,Deutschland,http://www.muehlenbaecker.de/,+49 351 84703833
Kamps Bäckerei mit Backstube,Peschelstraße 33 Elbepark,01139,Dresden,Deutschland,https://kamps.de/standort/kamps-baeckerei-mit-backstube-elbepark-dresden-peschelstrasse-33,+49 351 81129801
Unser Bäcker - Bäckerei und Konditorei GmbH,Overbeckstraße 38,01139,Dresden,Deutschland,https://www.unser-baecker.de/,+49 351 84754374
Café goldrichtig,Leipziger Str. 220,01139,Dresden,Deutschland,https://dresden.feg.de/gemeindeleben/cafe-goldrichtig/,
Bäckerei Dreißig,Leipziger Str. 120,01127,Dresden,Deutschland,https://www.baeckerei-dreissig.de/,+49 351 28787880
Emil Reimann Dresden - Backstube mit Werksverkauf,Marie-Curie-Straße 11,01139,Dresden,Deutschland,https://www.emil-reimann.de/,+49 351 2728813
Dresdner Backhaus GmbH - Café Radebeul,Sidonienstraße 5,01445,Radebeul,Deutschland,https://dresdner-backhaus.de/,+49 351 43508735
Konditorei und Café Maaß,Oschatzer Str. 13,01127,Dresden,Deutschland,http://cafe-maass.de/,+49 351 8495682
Moka Café,Schützengasse 2,01067,Dresden,Deutschland,https://www.facebook.com/coffeemokadd/menu,+49 173 8258840
Café Caféklatsch,Königstraße 8,01097,Dresden,Deutschland,https://www.cafeklatsch-dresden.de/,+49 351 81157922
Ferienwohnung und Hofkaffee Sellung,Ockerwitzer Dorfstraße 8,01156,Dresden,Deutschland,http://www.xn--dreimdelhofkaffee-uqb.de/,+49 351 2196138
Landbäckerei Schmidt GmbH - Café,Hamburger Str. 88,01157,Dresden,Deutschland,http://www.landbaeckerei-schmidt.de/,+49 351 50081545
Konditorei & Café Müller,Gohliser Str. 1/4,01159,Dresden,Deutschland,http://www.konditorei-mueller.com/,+49 351 4214576
Café Positano,Wilsdruffer Str. 85,01705,Freital,Deutschland,http://www.cafe-positano.de/,+49 351 6555584
Moka Café,Schützengasse 2,01067,Dresden,Deutschland,https://www.facebook.com/coffeemokadd/menu,+49 173 8258840
Unser Bäcker - Bäckerei und Konditorei GmbH,Gompitzer Höhe 2,01156,Dresden,Deutschland,https://www.unser-baecker.de/,+49 351 42483209
"Coffee Fellows - Kaffee, Bagels, Frühstück","Raststätte Dresdner Tor Süd, A4",01723,Wilsdruff,Deutschland,https://coffee-fellows.com/locations/raststaette-dresdner-tor-sued,+49 35204 9050
Eiscafé Dolce Vita,Peschelstraße 33,01139,Dresden,Deutschland,http://www.eiscafe-dolce-vita.de/,+49 351 7957625
Café zum Türmchen,Industriestraße 12,01129,Dresden,Deutschland,https://www.baeckerei-cafe-eckert.de/,+49 351 8435324
Café Caféklatsch,Königstraße 8,01097,Dresden,Deutschland,https://www.cafeklatsch-dresden.de/,+49 351 81157922
Dorfcafé Bäckerei und Konditorei Grafe,Freitaler Str. 3,01705,Freital,Deutschland,http://www.dorfcafe-baeckerei-grafe.de/,+49 351 6506387
T1 Bistro & Café,Kraftwerk Mitte 4,01067,Dresden,Deutschland,http://www.kraftwerk-mitte-dresden.de/einziehen/wir-sind-hier/t1-bistro-cafe.php,+49 351 48456751
Café Grießbach,Neunimptscher Str. 13,01169,Dresden,Deutschland,http://www.cafe-griessbach.de/,+49 351 4022099
KAFFEEHAUS im ITALIENISCHEN DÖRFCHEN,Theaterplatz 3,01067,Dresden,Deutschland,http://www.kaffeehaus-dresden.de/,+49 351 498160
Dresdner Backhaus GmbH - Café Radebeul,Sidonienstraße 5,01445,Radebeul,Deutschland,https://dresdner-backhaus.de/,+49 351 43508735
Café Milchmädchen,Grunaer Str. 27,01069,Dresden,Deutschland,http://milchmaedchen-cafe.de/,+49 351 21512735
Café Markthalle,"Markthalle, Metzer Str. 1",01097,Dresden,Deutschland,https://www.cafe-markthalle.de/,+49 1523 6236115
Landbäckerei Schmidt GmbH - Café,Hamburger Str. 88,01157,Dresden,Deutschland,http://www.landbaeckerei-schmidt.de/,+49 351 50081545
Bäckerei & Konditorei Laube,Cossebauder Str. 30,01157,Dresden,Deutschland,https://www.baeckerei-laube.de/filialen-cafes/dresden-cossebauder-strasse/,+49 351 4135299
Thomas der Koch,Scharfenberger Str. 66,01139,Dresden,Deutschland,http://thomas-der-koch.de/kontakt.html,+49 351 8506487
Konditorei & Café Müller,Gohliser Str. 1/4,01159,Dresden,Deutschland,http://www.konditorei-mueller.com/,+49 351 4214576
Connys süßes Lädchen,Raimundstraße 1,01157,Dresden,Deutschland,http://www.connys-suesses-laedchen.de/,+49 351 4176738
Bäckerei Konditorei Claus GmbH & Co. KG mit Drive-In Fenster,Bremer Str. 75,01067,Dresden,Deutschland,http://www.baeckerei-claus.de/,+49 351 50196107
Moka Café,Schützengasse 2,01067,Dresden,Deutschland,https://www.facebook.com/coffeemokadd/menu,+49 173 8258840
BäckerCafé Fehrmann Dresden,Bremer Str. 14b,01067,Dresden,Deutschland,https://www.baecker-fehrmann.de/,+49 351 49771070
Unser Bäcker - Bäckerei und Konditorei GmbH,Overbeckstraße 38,01139,Dresden,Deutschland,https://www.unser-baecker.de/,+49 351 84754374
Eiscafé Dolce Vita,Peschelstraße 33,01139,Dresden,Deutschland,http://www.eiscafe-dolce-vita.de/,+49 351 7957625
T1 Bistro & Café,Kraftwerk Mitte 4,01067,Dresden,Deutschland,http://www.kraftwerk-mitte-dresden.de/einziehen/wir-sind-hier/t1-bistro-cafe.php,+49 351 48456751
Café zum Türmchen,Industriestraße 12,01129,Dresden,Deutschland,https://www.baeckerei-cafe-eckert.de/,+49 351 8435324
Café Milchmädchen,Grunaer Str. 27,01069,Dresden,Deutschland,http://milchmaedchen-cafe.de/,+49 351 21512735
Café Caféklatsch,Königstraße 8,01097,Dresden,Deutschland,https://www.cafeklatsch-dresden.de/,+49 351 81157922
Signor Edo,Rudolf-Renner-Straße 45,01159,Dresden,Deutschland,http://www.signor-edo.de/,+49 173 4819143
KAFFEEHAUS im ITALIENISCHEN DÖRFCHEN,Theaterplatz 3,01067,Dresden,Deutschland,http://www.kaffeehaus-dresden.de/,+49 351 498160
Café Markthalle,"Markthalle, Metzer Str. 1",01097,Dresden,Deutschland,https://www.cafe-markthalle.de/,+49 1523 6236115
Konditorei & Café Müller,Gohliser Str. 1/4,01159,Dresden,Deutschland,http://www.konditorei-mueller.com/,+49 351 4214576
Feinbäckerei Schleinig,Bonhoefferpl. 15,01159,Dresden,Deutschland,https://www.dresdner-stollenmanufaktur.de/,+49 351 4215588
Flora 27 - Der Kaffeeladen,Chemnitzer Str. 78A,01187,Dresden,Deutschland,http://www.kaffeeservice-jw.de/,+49 351 4223468
Kaffanero,Rosenstraße 92,01159,Dresden,Deutschland,https://www.kaffanero.de/,+49 351 48618818
Signor Edo,Rudolf-Renner-Straße 45,01159,Dresden,Deutschland,http://www.signor-edo.de/,+49 173 4819143
Moka Café,Schützengasse 2,01067,Dresden,Deutschland,https://www.facebook.com/coffeemokadd/menu,+49 173 8258840
T1 Bistro & Café,Kraftwerk Mitte 4,01067,Dresden,Deutschland,http://www.kraftwerk-mitte-dresden.de/einziehen/wir-sind-hier/t1-bistro-cafe.php,+49 351 48456751
Cross River Coffee,Rudolf-Renner-Straße 36,01159,Dresden,Deutschland,https://crossrivercoffee.de/,+49 351 27580823
Café Grießbach,Neunimptscher Str. 13,01169,Dresden,Deutschland,http://www.cafe-griessbach.de/,+49 351 4022099
m3 Coffee & Shop,Bonhoefferpl. 24,01159,Dresden,Deutschland,http://www.mdrei-shop.de/,+49 351 5009479
"Haferkater, Dresden Hbf",Wiener Platz 4,01069,Dresden,Deutschland,https://haferkater.com/,+49 30 47058936
Babys & Café,Kaitzer Str. 109,01187,Dresden,Deutschland,http://www.babysundcafe.de/,+49 351 4519805
KAFFEEHAUS im ITALIENISCHEN DÖRFCHEN,Theaterplatz 3,01067,Dresden,Deutschland,http://www.kaffeehaus-dresden.de/,+49 351 498160
Café Milchmädchen,Grunaer Str. 27,01069,Dresden,Deutschland,http://milchmaedchen-cafe.de/,+49 351 21512735
insgrüne coffeebar,George-Bähr-Straße 7,01069,Dresden,Deutschland,http://www.studentenwerk-dresden.de/mensen/details-insgruene-coffeebar.html,+49 351 46337474
Café Caféklatsch,Königstraße 8,01097,Dresden,Deutschland,https://www.cafeklatsch-dresden.de/,+49 351 81157922
Ottendorfer Mühlenbäcker,Friedrichstraße 41,01067,Dresden,Deutschland,http://www.muehlenbaecker.de/,+49 351 48186558
Café Grießbach,Neunimptscher Str. 13,01169,Dresden,Deutschland,http://www.cafe-griessbach.de/,+49 351 4022099
Konditorei & Café Müller,Gohliser Str. 1/4,01159,Dresden,Deutschland,http://www.konditorei-mueller.com/,+49 351 4214576
Landbäckerei Schmidt GmbH - Café,Hamburger Str. 88,01157,Dresden,Deutschland,http://www.landbaeckerei-schmidt.de/,+49 351 50081545
Cross River Coffee,Rudolf-Renner-Straße 36,01159,Dresden,Deutschland,https://crossrivercoffee.de/,+49 351 27580823
Ferienwohnung und Hofkaffee Sellung,Ockerwitzer Dorfstraße 8,01156,Dresden,Deutschland,http://www.xn--dreimdelhofkaffee-uqb.de/,+49 351 2196138
Connys süßes Lädchen,Raimundstraße 1,01157,Dresden,Deutschland,http://www.connys-suesses-laedchen.de/,+49 351 4176738
Schmiddis Café,Eisenstuckstraße 17,01069,Dresden,Deutschland,https://www.schmiddis-dresden.de/,+49 160 5430238
insgrüne coffeebar,George-Bähr-Straße 7,01069,Dresden,Deutschland,http://www.studentenwerk-dresden.de/mensen/details-insgruene-coffeebar.html,+49 351 46337474
Schmiddis Café,Eisenstuckstraße 17,01069,Dresden,Deutschland,https://www.schmiddis-dresden.de/,+49 160 5430238
Babys & Café,Kaitzer Str. 109,01187,Dresden,Deutschland,http://www.babysundcafe.de/,+49 351 4519805
Feinbäckerei Schleinig,Bonhoefferpl. 15,01159,Dresden,Deutschland,https://www.dresdner-stollenmanufaktur.de/,+49 351 4215588
Flora 27 - Der Kaffeeladen,Chemnitzer Str. 78A,01187,Dresden,Deutschland,http://www.kaffeeservice-jw.de/,+49 351 4223468
Zebradiele,Mommsenstraße 13,01069,Dresden,Deutschland,http://www.studentenwerk-dresden.de/mensen/details-alte-mensa.html,+49 351 469750
"Haferkater, Dresden Hbf",Wiener Platz 4,01069,Dresden,Deutschland,https://haferkater.com/,+49 30 47058936
Studentencafé Ascii,Nöthnitzer Str. 46,01187,Dresden,Deutschland,http://ascii-dresden.de/,+49 351 46342221
Konditorei & Café Müller,Gohliser Str. 1/4,01159,Dresden,Deutschland,http://www.konditorei-mueller.com/,+49 351 4214576
Café Bianco,Weißbachstraße 6,01069,Dresden,Deutschland,https://www.cafe-bianco.de/,+49 351 3107380
Café Milchmädchen,Grunaer Str. 27,01069,Dresden,Deutschland,http://milchmaedchen-cafe.de/,+49 351 21512735
Café Milan Dresden,St. Petersburger Straße 22,01069,Dresden,Deutschland,https://www.cafe-milan.de/,+49 351 40467666
Moka Café,Schützengasse 2,01067,Dresden,Deutschland,https://www.facebook.com/coffeemokadd/menu,+49 173 8258840
Bäckerei & Café Uhlig,Nürnberger Str. 30 B,01187,Dresden,Deutschland,https://www.baeckerei-uhlig.de/,+49 351 4713453
Café Blau,Wundtstraße 1,01217,Dresden,Deutschland,https://www.studentenwerk-dresden.de/mensen/details-cafe-blau.html,+49 351 47940111
Stollenbackstube,Am Hohen Stein 31,01189,Dresden,Deutschland,http://www.dresdner-christstollen-shop.de/,+49 351 40351080
Segafredo Zanetti Espresso,Webergasse 1,01067,Dresden,Deutschland,http://www.segafredocafe.com/,+49 351 33959298
Borowski,Prager Str. 8A,01069,Dresden,Deutschland,http://www.borowski-dresden.de/,+49 351 4906411
Stollenbackstube,Am Hohen Stein 31,01189,Dresden,Deutschland,http://www.dresdner-christstollen-shop.de/,+49 351 40351080
Babys & Café,Kaitzer Str. 109,01187,Dresden,Deutschland,http://www.babysundcafe.de/,+49 351 4519805
Studentencafé Ascii,Nöthnitzer Str. 46,01187,Dresden,Deutschland,http://ascii-dresden.de/,+49 351 46342221
insgrüne coffeebar,George-Bähr-Straße 7,01069,Dresden,Deutschland,http://www.studentenwerk-dresden.de/mensen/details-insgruene-coffeebar.html,+49 351 46337474
Café Bianco,Weißbachstraße 6,01069,Dresden,Deutschland,https://www.cafe-bianco.de/,+49 351 3107380
Café Blau,Wundtstraße 1,01217,Dresden,Deutschland,https://www.studentenwerk-dresden.de/mensen/details-cafe-blau.html,+49 351 47940111
Bäckerei & Konditorei Laube,An d. Zschauke 4,01728,Bannewitz,Deutschland,https://www.baeckerei-laube.de/filialen-cafes/bannewitz-simmel/,+49 351 32304831
"Haferkater, Dresden Hbf",Wiener Platz 4,01069,Dresden,Deutschland,https://haferkater.com/,+49 30 47058936
Zebradiele,Mommsenstraße 13,01069,Dresden,Deutschland,http://www.studentenwerk-dresden.de/mensen/details-alte-mensa.html,+49 351 469750
Café Milchmädchen,Grunaer Str. 27,01069,Dresden,Deutschland,http://milchmaedchen-cafe.de/,+49 351 21512735
Konditorei & Café Müller,Gohliser Str. 1/4,01159,Dresden,Deutschland,http://www.konditorei-mueller.com/,+49 351 4214576
Flora 27 - Der Kaffeeladen,Chemnitzer Str. 78A,01187,Dresden,Deutschland,http://www.kaffeeservice-jw.de/,+49 351 4223468
Moka Café,Schützengasse 2,01067,Dresden,Deutschland,https://www.facebook.com/coffeemokadd/menu,+49 173 8258840
"Restaurant ""Café Weinberg""",Kaitzer Weinberg 12,01217,Dresden,Deutschland,http://www.cafeweinberg.de/,+49 351 4042480
Schmiddis Café,Eisenstuckstraße 17,01069,Dresden,Deutschland,https://www.schmiddis-dresden.de/,+49 160 5430238
Café Positano,Wilsdruffer Str. 85,01705,Freital,Deutschland,http://www.cafe-positano.de/,+49 351 6555584
KAFFEEHAUS im ITALIENISCHEN DÖRFCHEN,Theaterplatz 3,01067,Dresden,Deutschland,http://www.kaffeehaus-dresden.de/,+49 351 498160
T1 Bistro & Café,Kraftwerk Mitte 4,01067,Dresden,Deutschland,http://www.kraftwerk-mitte-dresden.de/einziehen/wir-sind-hier/t1-bistro-cafe.php,+49 351 48456751
Café Blau,Wundtstraße 1,01217,Dresden,Deutschland,https://www.studentenwerk-dresden.de/mensen/details-cafe-blau.html,+49 351 47940111
Café Bianco,Weißbachstraße 6,01069,Dresden,Deutschland,https://www.cafe-bianco.de/,+49 351 3107380
Bäckerei und Konditorei Hauer,Friebelstraße 1,01219,Dresden,Deutschland,https://www.baeckereiundkonditorei-hauer.de/,+49 351 79663300
"Restaurant ""Café Weinberg""",Kaitzer Weinberg 12,01217,Dresden,Deutschland,http://www.cafeweinberg.de/,+49 351 4042480
Zebradiele,Mommsenstraße 13,01069,Dresden,Deutschland,http://www.studentenwerk-dresden.de/mensen/details-alte-mensa.html,+49 351 469750
Dresdner Backhaus GmbH,"Spitzwegstr, im Konsum-Markt 48",01219,Dresden,Deutschland,https://dresdner-backhaus.de/,+49 351 43508737
insgrüne coffeebar,George-Bähr-Straße 7,01069,Dresden,Deutschland,http://www.studentenwerk-dresden.de/mensen/details-insgruene-coffeebar.html,+49 351 46337474
Unser Bäcker - Bäckerei und Konditorei GmbH,Wilhelm-Franke-Straße 38A,01219,Dresden,Deutschland,https://www.unser-baecker.de/,+49 351 86261472
Yummy Fresh Bar,Lockwitzer Str. 1,01219,Dresden,Deutschland,http://facebook.com/yummyfreshbar,+49 173 9862606
Café Milchmädchen,Grunaer Str. 27,01069,Dresden,Deutschland,http://milchmaedchen-cafe.de/,+49 351 21512735
"Haferkater, Dresden Hbf",Wiener Platz 4,01069,Dresden,Deutschland,https://haferkater.com/,+49 30 47058936
Studentencafé Ascii,Nöthnitzer Str. 46,01187,Dresden,Deutschland,http://ascii-dresden.de/,+49 351 46342221
Bäckerei & Konditorei Laube,Schnorrstraße 48,01069,Dresden,Deutschland,https://www.baeckerei-laube.de/filialen-cafes/dresden-schnorrstrasse/,+49 351 86262868
Café Lino,Schandauer Str. 23 D,01309,Dresden,Deutschland,http://xn--caflino-dya.de/,+49 351 21933955
"Ka'Fee Girrbach - Kuchen, Kaffee, Frühstück, Brunch",Striesener Str. 31,01307,Dresden,Deutschland,https://www.kafee-girrbach.de/,+49 351 50197990
Schmiddis Café,Eisenstuckstraße 17,01069,Dresden,Deutschland,https://www.schmiddis-dresden.de/,+49 160 5430238
Moka Café,Schützengasse 2,01067,Dresden,Deutschland,https://www.facebook.com/coffeemokadd/menu,+49 173 8258840
Café Blau,Wundtstraße 1,01217,Dresden,Deutschland,https://www.studentenwerk-dresden.de/mensen/details-cafe-blau.html,+49 351 47940111
Bäckerei und Konditorei Hauer,Friebelstraße 1,01219,Dresden,Deutschland,https://www.baeckereiundkonditorei-hauer.de/,+49 351 79663300
Unser Bäcker - Bäckerei und Konditorei GmbH,Wilhelm-Franke-Straße 38A,01219,Dresden,Deutschland,https://www.unser-baecker.de/,+49 351 86261472
Café Lino,Schandauer Str. 23 D,01309,Dresden,Deutschland,http://xn--caflino-dya.de/,+49 351 21933955
Café Milchmädchen,Grunaer Str. 27,01069,Dresden,Deutschland,http://milchmaedchen-cafe.de/,+49 351 21512735
Dresdner Backhaus GmbH,"Spitzwegstr, im Konsum-Markt 48",01219,Dresden,Deutschland,https://dresdner-backhaus.de/,+49 351 43508737
Yummy Fresh Bar,Lockwitzer Str. 1,01219,Dresden,Deutschland,http://facebook.com/yummyfreshbar,+49 173 9862606
"Ka'Fee Girrbach - Kuchen, Kaffee, Frühstück, Brunch",Striesener Str. 31,01307,Dresden,Deutschland,https://www.kafee-girrbach.de/,+49 351 50197990
"Haferkater, Dresden Hbf",Wiener Platz 4,01069,Dresden,Deutschland,https://haferkater.com/,+49 30 47058936
Eisold Bäckerei - Konditorei - Café,Zwinglistraße 40-46,01277,Dresden,Deutschland,http://www.cafe-eisold.de/,+49 351 2502894
Café Eisold am Fetscherplatz,Fetscherpl. 2A,01307,Dresden,Deutschland,https://www.cafe-eisold.de/cafe-am-fetscherplatz.html,+49 351 4594592
Moka Café,Schützengasse 2,01067,Dresden,Deutschland,https://www.facebook.com/coffeemokadd/menu,+49 173 8258840
Speisecafé Die Fabrik,Papstdorfer Str. 17,01277,Dresden,Deutschland,https://diefabrik.wixsite.com/diefabrik,+49 1573 7891525
Bäckerei & Konditorei Laube,Schnorrstraße 48,01069,Dresden,Deutschland,https://www.baeckerei-laube.de/filialen-cafes/dresden-schnorrstrasse/,+49 351 86262868
KAFFEEHAUS im ITALIENISCHEN DÖRFCHEN,Theaterplatz 3,01067,Dresden,Deutschland,http://www.kaffeehaus-dresden.de/,+49 351 498160
Café Markthalle,"Markthalle, Metzer Str. 1",01097,Dresden,Deutschland,https://www.cafe-markthalle.de/,+49 1523 6236115
Café Toscana,Schillerpl. 7,01309,Dresden,Deutschland,http://www.cafe-toscana.de/,+49 351 3100744
Ottendorfer Mühlenbäcker,Prohliser Allee 4,01239,Dresden,Deutschland,https://muehlenbaecker.de/,+49 351 25932318
Unser Bäcker - Bäckerei und Konditorei GmbH,Breitscheidstraße 67,01237,Dresden,Deutschland,https://www.unser-baecker.de/,+49 351 25384353
Bäckerei Emil Reimann,Bodenbacher Str. 81a,01277,Dresden,Deutschland,https://www.emil-reimann.de/de/filialen/uebersicht-unserer-filialen/baeckerei-und-cafe-im-obi-1656.html,+49 178 4509539
Café Lino,Schandauer Str. 23 D,01309,Dresden,Deutschland,http://xn--caflino-dya.de/,+49 351 21933955
Café Blau,Wundtstraße 1,01217,Dresden,Deutschland,https://www.studentenwerk-dresden.de/mensen/details-cafe-blau.html,+49 351 47940111
Café Milchmädchen,Grunaer Str. 27,01069,Dresden,Deutschland,http://milchmaedchen-cafe.de/,+49 351 21512735
"Ka'Fee Girrbach - Kuchen, Kaffee, Frühstück, Brunch",Striesener Str. 31,01307,Dresden,Deutschland,https://www.kafee-girrbach.de/,+49 351 50197990
Café Luby,Hertzstraße 22,01257,Dresden,Deutschland,http://www.cultus-dresden.de/,
Eisold Bäckerei - Konditorei - Café,Zwinglistraße 40-46,01277,Dresden,Deutschland,http://www.cafe-eisold.de/,+49 351 2502894
Bäckerei und Konditorei Hauer,Friebelstraße 1,01219,Dresden,Deutschland,https://www.baeckereiundkonditorei-hauer.de/,+49 351 79663300
Speisecafé Die Fabrik,Papstdorfer Str. 17,01277,Dresden,Deutschland,https://diefabrik.wixsite.com/diefabrik,+49 1573 7891525
Café Eisold am Fetscherplatz,Fetscherpl. 2A,01307,Dresden,Deutschland,https://www.cafe-eisold.de/cafe-am-fetscherplatz.html,+49 351 4594592
Café Toscana,Schillerpl. 7,01309,Dresden,Deutschland,http://www.cafe-toscana.de/,+49 351 3100744
Café & Pension Blümchen,Pirnaer Landstraße 109,01257,Dresden,Deutschland,http://www.cafe-bluemchen.de/,+49 351 2014747
Café Hüblers,Hüblerstraße 2,01309,Dresden,Deutschland,https://baeckerei-matzker.de/cafe-hueblers/,+49 351 31905530
Charlottes Enkel Cafe,Loschwitzer Str. 58,01309,Dresden,Deutschland,http://www.charlottesenkel.com/,+49 351 31208030
Ottendorfer Mühlenbäcker,Dohnaer Str. 182,01239,Dresden,Deutschland,https://muehlenbaecker.de/,+49 351 20476951
Eiscafé Tortuga,Heinz-Bongartz-Straße 24,01239,Dresden,Deutschland,http://www.cafe-tortuga.de/,+49 162 6190401
Bäckerei & Konditorei Laube,"Bauhaus Baumarkt, Tschirnhausstraße 2",01239,Dresden,Deutschland,https://www.baeckerei-laube.de/filialen-cafes/dresden-bauhaus-tschirnhausstrasse/,+49 351 20611362
Café Caracciola,Fritz-Meinhardt-Straße 1,01239,Dresden,Deutschland,http://gourmetta.de/,+49 351 2822170
Bäckerei und Konditorei Hauer,Friebelstraße 1,01219,Dresden,Deutschland,https://www.baeckereiundkonditorei-hauer.de/,+49 351 79663300
Unser Bäcker - Bäckerei und Konditorei GmbH,Breitscheidstraße 67,01237,Dresden,Deutschland,https://www.unser-baecker.de/,+49 351 25384353
Café Blau,Wundtstraße 1,01217,Dresden,Deutschland,https://www.studentenwerk-dresden.de/mensen/details-cafe-blau.html,+49 351 47940111
Café Luby,Hertzstraße 22,01257,Dresden,Deutschland,http://www.cultus-dresden.de/,
Café Lino,Schandauer Str. 23 D,01309,Dresden,Deutschland,http://xn--caflino-dya.de/,+49 351 21933955
Café Milchmädchen,Grunaer Str. 27,01069,Dresden,Deutschland,http://milchmaedchen-cafe.de/,+49 351 21512735
Bäckerei Christian Gehre,Röhrsdorfer Str. 4,01257,Dresden,Deutschland,https://www.baeckerei-gehre.de/,+49 351 2816580
Café & Pension Blümchen,Pirnaer Landstraße 109,01257,Dresden,Deutschland,http://www.cafe-bluemchen.de/,+49 351 2014747
"Ka'Fee Girrbach - Kuchen, Kaffee, Frühstück, Brunch",Striesener Str. 31,01307,Dresden,Deutschland,https://www.kafee-girrbach.de/,+49 351 50197990
Café Toscana,Schillerpl. 7,01309,Dresden,Deutschland,http://www.cafe-toscana.de/,+49 351 3100744
Café Eisold am Fetscherplatz,Fetscherpl. 2A,01307,Dresden,Deutschland,https://www.cafe-eisold.de/cafe-am-fetscherplatz.html,+49 351 4594592
Café Luby,Hertzstraße 22,01257,Dresden,Deutschland,http://www.cultus-dresden.de/,
Bäckerei & Konditorei Laube,"Bauhaus Baumarkt, Tschirnhausstraße 2",01239,Dresden,Deutschland,https://www.baeckerei-laube.de/filialen-cafes/dresden-bauhaus-tschirnhausstrasse/,+49 351 20611362
Ottendorfer Mühlenbäcker,Prohliser Allee 4,01239,Dresden,Deutschland,https://muehlenbaecker.de/,+49 351 25932318
Eiscafé Tortuga,Heinz-Bongartz-Straße 24,01239,Dresden,Deutschland,http://www.cafe-tortuga.de/,+49 162 6190401
Konditorei & Café B. Bierbaum,Sosaer Str. 7,01257,Dresden,Deutschland,http://www.konditorei-bierbaum.de/,+49 351 2002101
Unser Bäcker - Bäckerei und Konditorei GmbH,Breitscheidstraße 67,01237,Dresden,Deutschland,https://www.unser-baecker.de/,+49 351 25384353
Café & Pension Blümchen,Pirnaer Landstraße 109,01257,Dresden,Deutschland,http://www.cafe-bluemchen.de/,+49 351 2014747
Eisold Bäckerei - Konditorei - Café,Zamenhofstraße 6,01257,Dresden,Deutschland,http://www.cafe-eisold.de/,+49 351 21098444
Café Caracciola,Fritz-Meinhardt-Straße 1,01239,Dresden,Deutschland,http://gourmetta.de/,+49 351 2822170
Landbäckerei Schmidt GmbH,"im NETTO, Rathener Str. 24",01259,Dresden,Deutschland,http://www.landbaeckerei-schmidt.de/,+49 351 20273564
Café Lino,Schandauer Str. 23 D,01309,Dresden,Deutschland,http://xn--caflino-dya.de/,+49 351 21933955
Café Blau,Wundtstraße 1,01217,Dresden,Deutschland,https://www.studentenwerk-dresden.de/mensen/details-cafe-blau.html,+49 351 47940111
Café Milchmädchen,Grunaer Str. 27,01069,Dresden,Deutschland,http://milchmaedchen-cafe.de/,+49 351 21512735
"Ka'Fee Girrbach - Kuchen, Kaffee, Frühstück, Brunch",Striesener Str. 31,01307,Dresden,Deutschland,https://www.kafee-girrbach.de/,+49 351 50197990
Bäckerei Christian Gehre,Röhrsdorfer Str. 4,01257,Dresden,Deutschland,https://www.baeckerei-gehre.de/,+49 351 2816580
Café Luby,Hertzstraße 22,01257,Dresden,Deutschland,http://www.cultus-dresden.de/,
Landbäckerei Schmidt GmbH,"im NETTO, Rathener Str. 24",01259,Dresden,Deutschland,http://www.landbaeckerei-schmidt.de/,+49 351 20273564
Konditorei & Café B. Bierbaum,Sosaer Str. 7,01257,Dresden,Deutschland,http://www.konditorei-bierbaum.de/,+49 351 2002101
Bäckerei Wippler GmbH,Söbrigener Str. 1,01326,Dresden,Deutschland,https://www.baeckerei-wippler.de/,+49 351 4173660
Café & Pension Blümchen,Pirnaer Landstraße 109,01257,Dresden,Deutschland,http://www.cafe-bluemchen.de/,+49 351 2014747
Stadtcafe,Bahnhofstraße 10,01809,Heidenau,Deutschland,https://delflly.pw/marktplatz-heidenau-a7cy3gc,+49 3529 518637
Unser Bäcker - Bäckerei und Konditorei GmbH,Leubener Str. 34,01279,Dresden,Deutschland,https://www.unser-baecker.de/,+49 351 21760463
Cafe Villa Else,Pirnaer Str. 39,01809,Heidenau,Deutschland,https://pension-villa-else.jimdofree.com/,+49 170 8860355
Landbäckerei Schmidt GmbH - Café,Gabelsberger Str. 8,01809,Heidenau,Deutschland,https://www.landbaeckerei-schmidt.de/filialen,+49 3529 574216
Eisold Bäckerei - Konditorei - Café,Zamenhofstraße 6,01257,Dresden,Deutschland,http://www.cafe-eisold.de/,+49 351 21098444
Café Lino,Schandauer Str. 23 D,01309,Dresden,Deutschland,http://xn--caflino-dya.de/,+49 351 21933955
Eiseck Kleinzschachwitz,Berthold-Haupt-Straße 128,01259,Dresden,Deutschland,http://www.eiseck.de/,+49 351 25386853
Café Toscana,Schillerpl. 7,01309,Dresden,Deutschland,http://www.cafe-toscana.de/,+49 351 3100744
Café Hüblers,Hüblerstraße 2,01309,Dresden,Deutschland,https://baeckerei-matzker.de/cafe-hueblers/,+49 351 31905530
Sächsische Schokoladenmanufaktur Café,Güterbahnhofstraße 60,01809,Heidenau,Deutschland,https://www.schokoklick.de/info/ueber-uns.html,+49 3529 539915
Charlottes Enkel Cafe,Loschwitzer Str. 58,01309,Dresden,Deutschland,http://www.charlottesenkel.com/,+49 351 31208030
"Ka'Fee Girrbach - Kuchen, Kaffee, Frühstück, Brunch",Striesener Str. 31,01307,Dresden,Deutschland,https://www.kafee-girrbach.de/,+49 351 50197990
Café Blau,Wundtstraße 1,01217,Dresden,Deutschland,https://www.studentenwerk-dresden.de/mensen/details-cafe-blau.html,+49 351 47940111
Café Lino,Schandauer Str. 23 D,01309,Dresden,Deutschland,http://xn--caflino-dya.de/,+49 351 21933955
Eisold Bäckerei - Konditorei - Café,Zwinglistraße 40-46,01277,Dresden,Deutschland,http://www.cafe-eisold.de/,+49 351 2502894
Café Story,Wormser Str. 30A,01309,Dresden,Deutschland,http://cafestory.de/,+49 177 7810342
Speisecafé Die Fabrik,Papstdorfer Str. 17,01277,Dresden,Deutschland,https://diefabrik.wixsite.com/diefabrik,+49 1573 7891525
Cafe Sonnenschein,Altenberger Str. 23,01277,Dresden,Deutschland,https://cafe-sonnenschein-dresden.metro.biz/?lang=de,+49 176 70609735
Bäckerei Emil Reimann,Bodenbacher Str. 81a,01277,Dresden,Deutschland,https://www.emil-reimann.de/de/filialen/uebersicht-unserer-filialen/baeckerei-und-cafe-im-obi-1656.html,+49 178 4509539
Turmcafe in den Technischen Sammlungen,Junghansstraße 1,01277,Dresden,Deutschland,https://www.tsd.de/de/mm/turmcafe,+49 351 4887260
Café Toscana,Schillerpl. 7,01309,Dresden,Deutschland,http://www.cafe-toscana.de/,+49 351 3100744
Café Hüblers,Hüblerstraße 2,01309,Dresden,Deutschland,https://baeckerei-matzker.de/cafe-hueblers/,+49 351 31905530
Charlottes Enkel Cafe,Loschwitzer Str. 58,01309,Dresden,Deutschland,http://www.charlottesenkel.com/,+49 351 31208030
"Ka'Fee Girrbach - Kuchen, Kaffee, Frühstück, Brunch",Striesener Str. 31,01307,Dresden,Deutschland,https://www.kafee-girrbach.de/,+49 351 50197990
émoi,Augsburger Str. 48,01309,Dresden,Deutschland,http://cafe-emoi.com/,+49 351 31387000
Café Eisold am Fetscherplatz,Fetscherpl. 2A,01307,Dresden,Deutschland,https://www.cafe-eisold.de/cafe-am-fetscherplatz.html,+49 351 4594592
Unser Bäcker,Borsbergstraße 37,01309,Dresden,Deutschland,https://www.unser-baecker.de/,+49 351 25829006
Kaffee Wippler GmbH,Körnerpl. 2,01326,Dresden,Deutschland,http://www.konditorei-wippler.de/,+49 351 2698040
Café Eisold an der Uniklinik,Fiedlerstraße 36,01307,Dresden,Deutschland,https://www.cafe-eisold.de/cafe-an-der-uniklinik.html,+49 351 4416324
Café Milchmädchen,Grunaer Str. 27,01069,Dresden,Deutschland,http://milchmaedchen-cafe.de/,+49 351 21512735
Konditorei u. Cafe Gradel,Wehlener Str. 28,01279,Dresden,Deutschland,https://www.gradel.com/,+49 351 2517425
Unser Bäcker - Bäckerei und Konditorei GmbH,Leubener Str. 34,01279,Dresden,Deutschland,https://www.unser-baecker.de/,+49 351 21760463
Bäckerei Dreißig,Alttolkewitz 26,01279,Dresden,Deutschland,https://www.baeckerei-dreissig.de/,+49 351 25969644
Café Lino,Schandauer Str. 23 D,01309,Dresden,Deutschland,http://xn--caflino-dya.de/,+49 351 21933955
Konditorei u. Cafe Gradel,Wehlener Str. 28,01279,Dresden,Deutschland,https://www.gradel.com/,+49 351 2517425
Café & Pension Blümchen,Pirnaer Landstraße 109,01257,Dresden,Deutschland,http://www.cafe-bluemchen.de/,+49 351 2014747
Café Toscana,Schillerpl. 7,01309,Dresden,Deutschland,http://www.cafe-toscana.de/,+49 351 3100744
Café Hüblers,Hüblerstraße 2,01309,Dresden,Deutschland,https://baeckerei-matzker.de/cafe-hueblers/,+49 351 31905530
Café Luby,Hertzstraße 22,01257,Dresden,Deutschland,http://www.cultus-dresden.de/,
Charlottes Enkel Cafe,Loschwitzer Str. 58,01309,Dresden,Deutschland,http://www.charlottesenkel.com/,+49 351 31208030
Kaffee Wippler GmbH,Körnerpl. 2,01326,Dresden,Deutschland,http://www.konditorei-wippler.de/,+49 351 2698040
Cafe Sonnenschein,Altenberger Str. 23,01277,Dresden,Deutschland,https://cafe-sonnenschein-dresden.metro.biz/?lang=de,+49 176 70609735
"Ka'Fee Girrbach - Kuchen, Kaffee, Frühstück, Brunch",Striesener Str. 31,01307,Dresden,Deutschland,https://www.kafee-girrbach.de/,+49 351 50197990
Café Milchmädchen,Grunaer Str. 27,01069,Dresden,Deutschland,http://milchmaedchen-cafe.de/,+49 351 21512735
Café Eisold am Fetscherplatz,Fetscherpl. 2A,01307,Dresden,Deutschland,https://www.cafe-eisold.de/cafe-am-fetscherplatz.html,+49 351 4594592
Bäckerei Emil Reimann,Bodenbacher Str. 81a,01277,Dresden,Deutschland,https://www.emil-reimann.de/de/filialen/uebersicht-unserer-filialen/baeckerei-und-cafe-im-obi-1656.html,+49 178 4509539
Eisold Bäckerei - Konditorei - Café,Zwinglistraße 40-46,01277,Dresden,Deutschland,http://www.cafe-eisold.de/,+49 351 2502894
Café Blau,Wundtstraße 1,01217,Dresden,Deutschland,https://www.studentenwerk-dresden.de/mensen/details-cafe-blau.html,+49 351 47940111
Café Eisold an der Uniklinik,Fiedlerstraße 36,01307,Dresden,Deutschland,https://www.cafe-eisold.de/cafe-an-der-uniklinik.html,+49 351 4416324
Turmcafe in den Technischen Sammlungen,Junghansstraße 1,01277,Dresden,Deutschland,https://www.tsd.de/de/mm/turmcafe,+49 351 4887260
Café Milchmädchen,Grunaer Str. 27,01069,Dresden,Deutschland,http://milchmaedchen-cafe.de/,+49 351 21512735
Café Lino,Schandauer Str. 23 D,01309,Dresden,Deutschland,http://xn--caflino-dya.de/,+49 351 21933955
"Ka'Fee Girrbach - Kuchen, Kaffee, Frühstück, Brunch",Striesener Str. 31,01307,Dresden,Deutschland,https://www.kafee-girrbach.de/,+49 351 50197990
URBEAN - Brunch | Cake | Coffee,Bautzner Str. 6,01099,Dresden,Deutschland,http://www.urbean.de/,+49 351 27558135
Café Eisold am Fetscherplatz,Fetscherpl. 2A,01307,Dresden,Deutschland,https://www.cafe-eisold.de/cafe-am-fetscherplatz.html,+49 351 4594592
Café Oswaldz,Bautzner Str. 9,01099,Dresden,Deutschland,http://www.oswaldz.de/,+49 173 4292053
"CANEU, Cafe Neustadt",Bautzner Str. 63,01099,Dresden,Deutschland,http://caneu.de/,+49 351 8996649
Dresdner Backhaus-Ihre Backmanufaktur -Café Backhaus,Augsburger Str. 4,01309,Dresden,Deutschland,https://dresdner-backhaus.de/,+49 351 43508723
Ottendorfer Mühlenbäcker,Blasewitzer Str. 45,01307,Dresden,Deutschland,http://www.muehlenbaecker.de/,+49 351 45690207
Café Eisold an der Uniklinik,Fiedlerstraße 36,01307,Dresden,Deutschland,https://www.cafe-eisold.de/cafe-an-der-uniklinik.html,+49 351 4416324
Café Glocke - Tagesbar & Café | Dresden-Neustadt,"Pulsnitzer Straße 1, Ecke, Martin-Luther-Platz",01099,Dresden,Deutschland,https://www.cafeglocke.de/,+49 351 89962500
Bäckerei Dreißig,Nicolaistraße 28,01307,Dresden,Deutschland,https://www.baeckerei-dreissig.de/,+49 351 44679473
cafe halva,Elisenstraße 35،,01307,Dresden,Deutschland,https://www.johannstaedterkulturtreff.de/interkulturelles-cafe-halva.html,+49 351 3070969
Café Story,Wormser Str. 30A,01309,Dresden,Deutschland,http://cafestory.de/,+49 177 7810342
Lloyd’s Café & Bar,Martin-Luther-Straße 17,01099,Dresden,Deutschland,http://www.lloyds-cafe-bar.de/,+49 351 5018774
CAFé OHA,Güntzstraße 34,01307,Dresden,Deutschland,https://www.instagram.com/cafeoha,
Café Markthalle,"Markthalle, Metzer Str. 1",01097,Dresden,Deutschland,https://www.cafe-markthalle.de/,+49 1523 6236115
Café Continental,Görlitzer Str. 1,01099,Dresden,Deutschland,http://www.cafe-continental-dresden.de/,+49 351 2721722
Café Lino,Schandauer Str. 23 D,01309,Dresden,Deutschland,http://xn--caflino-dya.de/,+49 351 21933955
"Ka'Fee Girrbach - Kuchen, Kaffee, Frühstück, Brunch",Striesener Str. 31,01307,Dresden,Deutschland,https://www.kafee-girrbach.de/,+49 351 50197990
Café Toscana,Schillerpl. 7,01309,Dresden,Deutschland,http://www.cafe-toscana.de/,+49 351 3100744
Café Hüblers,Hüblerstraße 2,01309,Dresden,Deutschland,https://baeckerei-matzker.de/cafe-hueblers/,+49 351 31905530
Charlottes Enkel Cafe,Loschwitzer Str. 58,01309,Dresden,Deutschland,http://www.charlottesenkel.com/,+49 351 31208030
Café Eisold am Fetscherplatz,Fetscherpl. 2A,01307,Dresden,Deutschland,https://www.cafe-eisold.de/cafe-am-fetscherplatz.html,+49 351 4594592
Dresdner Backhaus-Ihre Backmanufaktur -Café Backhaus,Augsburger Str. 4,01309,Dresden,Deutschland,https://dresdner-backhaus.de/,+49 351 43508723
Ottendorfer Mühlenbäcker,Blasewitzer Str. 45,01307,Dresden,Deutschland,http://www.muehlenbaecker.de/,+49 351 45690207
Bäckerei Dreißig,Nicolaistraße 28,01307,Dresden,Deutschland,https://www.baeckerei-dreissig.de/,+49 351 44679473
Café Eisold an der Uniklinik,Fiedlerstraße 36,01307,Dresden,Deutschland,https://www.cafe-eisold.de/cafe-an-der-uniklinik.html,+49 351 4416324
Café Story,Wormser Str. 30A,01309,Dresden,Deutschland,http://cafestory.de/,+49 177 7810342
Cafe Sonnenschein,Altenberger Str. 23,01277,Dresden,Deutschland,https://cafe-sonnenschein-dresden.metro.biz/?lang=de,+49 176 70609735
émoi,Augsburger Str. 48,01309,Dresden,Deutschland,http://cafe-emoi.com/,+49 351 31387000
Turmcafe in den Technischen Sammlungen,Junghansstraße 1,01277,Dresden,Deutschland,https://www.tsd.de/de/mm/turmcafe,+49 351 4887260
Kaffee Wippler GmbH,Körnerpl. 2,01326,Dresden,Deutschland,http://www.konditorei-wippler.de/,+49 351 2698040
Café Milchmädchen,Grunaer Str. 27,01069,Dresden,Deutschland,http://milchmaedchen-cafe.de/,+49 351 21512735
Eisold Bäckerei - Konditorei - Café,Zwinglistraße 40-46,01277,Dresden,Deutschland,http://www.cafe-eisold.de/,+49 351 2502894
Cafe Luk,Grundstraße 174,01324,Dresden,Deutschland,http://www.cafe-luk.de/,+49 351 65399150
Kaffee Wippler GmbH,Körnerpl. 2,01326,Dresden,Deutschland,http://www.konditorei-wippler.de/,+49 351 2698040
Ottendorfer Mühlenbäcker,Bautzner Landstraße 112-114,01324,Dresden,Deutschland,https://muehlenbaecker.de/,+49 351 31410715
Café Schwebebahn,Sierksstraße 2,01326,Dresden,Deutschland,https://cafe-schwebebahn.jimdofree.com/,+49 1577 0160514
Café Toscana,Schillerpl. 7,01309,Dresden,Deutschland,http://www.cafe-toscana.de/,+49 351 3100744
"Schaubäckerei Scheinert & Cafe, Inh.: Thomas Scheinert",Bautzner Landstraße 64,01324,Dresden,Deutschland,http://stollensiegel.de/,+49 351 2683874
Café Hüblers,Hüblerstraße 2,01309,Dresden,Deutschland,https://baeckerei-matzker.de/cafe-hueblers/,+49 351 31905530
Bäckerei & Konditorei Richter,Bautzner Landstraße 150,01324,Dresden,Deutschland,http://www.richter-dd.de/,+49 351 2683051
Charlottes Enkel Cafe,Loschwitzer Str. 58,01309,Dresden,Deutschland,http://www.charlottesenkel.com/,+49 351 31208030
Primus Service GmbH,"Städtisches Klinikum Dresden - Cafeteria, Heinrich-Cotta-Straße 12",01324,Dresden,Deutschland,https://www.primus-service.de/,
Café Lino,Schandauer Str. 23 D,01309,Dresden,Deutschland,http://xn--caflino-dya.de/,+49 351 21933955
"Ka'Fee Girrbach - Kuchen, Kaffee, Frühstück, Brunch",Striesener Str. 31,01307,Dresden,Deutschland,https://www.kafee-girrbach.de/,+49 351 50197990
Café Milchmädchen,Grunaer Str. 27,01069,Dresden,Deutschland,http://milchmaedchen-cafe.de/,+49 351 21512735
Café Os2,Körnerweg 24A,01326,Dresden,Deutschland,http://www.oswaldz.de/,+49 173 4292053
Café Eisold an der Uniklinik,Fiedlerstraße 36,01307,Dresden,Deutschland,https://www.cafe-eisold.de/cafe-an-der-uniklinik.html,+49 351 4416324
Café Continental,Görlitzer Str. 1,01099,Dresden,Deutschland,http://www.cafe-continental-dresden.de/,+49 351 2721722
Café Eisold am Fetscherplatz,Fetscherpl. 2A,01307,Dresden,Deutschland,https://www.cafe-eisold.de/cafe-am-fetscherplatz.html,+49 351 4594592
Café Eckstein,Alaunstraße 47,01099,Dresden,Deutschland,http://www.cafe-eckstein-dresden.de/,+49 351 81071166
Bäckerei Dreißig,Alttolkewitz 26,01279,Dresden,Deutschland,https://www.baeckerei-dreissig.de/,+49 351 25969644
Kaffee Wippler GmbH,Körnerpl. 2,01326,Dresden,Deutschland,http://www.konditorei-wippler.de/,+49 351 2698040
Café Toscana,Schillerpl. 7,01309,Dresden,Deutschland,http://www.cafe-toscana.de/,+49 351 3100744
Café Hüblers,Hüblerstraße 2,01309,Dresden,Deutschland,https://baeckerei-matzker.de/cafe-hueblers/,+49 351 31905530
Charlottes Enkel Cafe,Loschwitzer Str. 58,01309,Dresden,Deutschland,http://www.charlottesenkel.com/,+49 351 31208030
Café Lino,Schandauer Str. 23 D,01309,Dresden,Deutschland,http://xn--caflino-dya.de/,+49 351 21933955
Unser Bäcker - Bäckerei und Konditorei GmbH,Leubener Str. 34,01279,Dresden,Deutschland,https://www.unser-baecker.de/,+49 351 21760463
Café Schwebebahn,Sierksstraße 2,01326,Dresden,Deutschland,https://cafe-schwebebahn.jimdofree.com/,+49 1577 0160514
"Ka'Fee Girrbach - Kuchen, Kaffee, Frühstück, Brunch",Striesener Str. 31,01307,Dresden,Deutschland,https://www.kafee-girrbach.de/,+49 351 50197990
Café Milchmädchen,Grunaer Str. 27,01069,Dresden,Deutschland,http://milchmaedchen-cafe.de/,+49 351 21512735
Cafe Sonnenschein,Altenberger Str. 23,01277,Dresden,Deutschland,https://cafe-sonnenschein-dresden.metro.biz/?lang=de,+49 176 70609735
Café Eisold an der Uniklinik,Fiedlerstraße 36,01307,Dresden,Deutschland,https://www.cafe-eisold.de/cafe-an-der-uniklinik.html,+49 351 4416324
Café Eisold am Fetscherplatz,Fetscherpl. 2A,01307,Dresden,Deutschland,https://www.cafe-eisold.de/cafe-am-fetscherplatz.html,+49 351 4594592
Café Luby,Hertzstraße 22,01257,Dresden,Deutschland,http://www.cultus-dresden.de/,
Café Continental,Görlitzer Str. 1,01099,Dresden,Deutschland,http://www.cafe-continental-dresden.de/,+49 351 2721722
Café Oswaldz,Bautzner Str. 9,01099,Dresden,Deutschland,http://www.oswaldz.de/,+49 173 4292053
Café Eckstein,Alaunstraße 47,01099,Dresden,Deutschland,http://www.cafe-eckstein-dresden.de/,+49 351 81071166
Bäckerei & Eiscafé Hübner,Borsbergstraße 1,01328,Dresden,Deutschland,https://www.baeckerei-huebner.de/,+49 351 2683309
Café Toscana,Schillerpl. 7,01309,Dresden,Deutschland,http://www.cafe-toscana.de/,+49 351 3100744
Kaffee Wippler GmbH,Körnerpl. 2,01326,Dresden,Deutschland,http://www.konditorei-wippler.de/,+49 351 2698040
Café Hüblers,Hüblerstraße 2,01309,Dresden,Deutschland,https://baeckerei-matzker.de/cafe-hueblers/,+49 351 31905530
Cafe Luk,Grundstraße 174,01324,Dresden,Deutschland,http://www.cafe-luk.de/,+49 351 65399150
Charlottes Enkel Cafe,Loschwitzer Str. 58,01309,Dresden,Deutschland,http://www.charlottesenkel.com/,+49 351 31208030
Café Lino,Schandauer Str. 23 D,01309,Dresden,Deutschland,http://xn--caflino-dya.de/,+49 351 21933955
Bäckerei Dreißig,Alttolkewitz 26,01279,Dresden,Deutschland,https://www.baeckerei-dreissig.de/,+49 351 25969644
Unser Bäcker - Bäckerei und Konditorei GmbH,Leubener Str. 34,01279,Dresden,Deutschland,https://www.unser-baecker.de/,+49 351 21760463
Ottendorfer Mühlenbäcker,Bautzner Landstraße 112-114,01324,Dresden,Deutschland,https://muehlenbaecker.de/,+49 351 31410715
Café Schwebebahn,Sierksstraße 2,01326,Dresden,Deutschland,https://cafe-schwebebahn.jimdofree.com/,+49 1577 0160514
Café Milchmädchen,Grunaer Str. 27,01069,Dresden,Deutschland,http://milchmaedchen-cafe.de/,+49 351 21512735
"Windmüllerhaus Zaschendorf, Café",Zum Triebenberg 20,01328,Dresden,Deutschland,https://www.windmuellerhaus-zaschendorf.de/,+49 351 32309817
Bäckerei Wippler GmbH,Söbrigener Str. 1,01326,Dresden,Deutschland,https://www.baeckerei-wippler.de/,+49 351 4173660
Café Eisold an der Uniklinik,Fiedlerstraße 36,01307,Dresden,Deutschland,https://www.cafe-eisold.de/cafe-an-der-uniklinik.html,+49 351 4416324
Café Eisold am Fetscherplatz,Fetscherpl. 2A,01307,Dresden,Deutschland,https://www.cafe-eisold.de/cafe-am-fetscherplatz.html,+49 351 4594592
Café Luby,Hertzstraße 22,01257,Dresden,Deutschland,http://www.cultus-dresden.de/,
Café Continental,Görlitzer Str. 1,01099,Dresden,Deutschland,http://www.cafe-continental-dresden.de/,+49 351 2721722
Café Oswaldz,Bautzner Str. 9,01099,Dresden,Deutschland,http://www.oswaldz.de/,+49 173 4292053
Café Oswaldz,Bautzner Str. 9,01099,Dresden,Deutschland,http://www.oswaldz.de/,+49 173 4292053
Café Continental,Görlitzer Str. 1,01099,Dresden,Deutschland,http://www.cafe-continental-dresden.de/,+49 351 2721722
Café Caféklatsch,Königstraße 8,01097,Dresden,Deutschland,https://www.cafeklatsch-dresden.de/,+49 351 81157922
Café Markthalle,"Markthalle, Metzer Str. 1",01097,Dresden,Deutschland,https://www.cafe-markthalle.de/,+49 1523 6236115
Café Europa,Königsbrücker Str. 68,01099,Dresden,Deutschland,https://www.cafe-europa-dresden.de/,+49 351 8044810
Café Eckstein,Alaunstraße 47,01099,Dresden,Deutschland,http://www.cafe-eckstein-dresden.de/,+49 351 81071166
Café Andalieb,Louisenstraße 60,01099,Dresden,Deutschland,http://andalieb.de/,+49 351 30992024
TanteLeuk,Louisenstraße 24,01099,Dresden,Deutschland,http://tanteleuk.de/,+49 351 40754562
KAWA-Espressobar | Dresden,Hechtstraße 7,01097,Dresden,Deutschland,https://www.instagram.com/kawa_espressobar/,
Café Glocke - Tagesbar & Café | Dresden-Neustadt,"Pulsnitzer Straße 1, Ecke, Martin-Luther-Platz",01099,Dresden,Deutschland,https://www.cafeglocke.de/,+49 351 89962500
Café Sperling - Hör' auf deinen Bauch,Alaunstraße 86,01099,Dresden,Deutschland,http://www.sperling-cafe.de/,+49 174 1872342
Hofcafé im Hof des Lichts,Görlitzer Str. 25,01099,Dresden,Deutschland,https://kunsthof-dresden.de/gastronomie/hofcafe/,+49 351 32334066
Cafe & Bar Blumenau,Louisenstraße 67,01099,Dresden,Deutschland,http://www.cafe-blumenau.de/,+49 351 8026501
Cafe Cello,Bischofsweg 40,01099,Dresden,Deutschland,https://www.cafecello.de/,+49 351 81163525
Lloyd’s Café & Bar,Martin-Luther-Straße 17,01099,Dresden,Deutschland,http://www.lloyds-cafe-bar.de/,+49 351 5018774
URBEAN - Brunch | Cake | Coffee,Bautzner Str. 6,01099,Dresden,Deutschland,http://www.urbean.de/,+49 351 27558135
Café Oswaldz,Bautzner Str. 9,01099,Dresden,Deutschland,http://www.oswaldz.de/,+49 173 4292053
Café Continental,Görlitzer Str. 1,01099,Dresden,Deutschland,http://www.cafe-continental-dresden.de/,+49 351 2721722
Café Markthalle,"Markthalle, Metzer Str. 1",01097,Dresden,Deutschland,https://www.cafe-markthalle.de/,+49 1523 6236115
Café Europa,Königsbrücker Str. 68,01099,Dresden,Deutschland,https://www.cafe-europa-dresden.de/,+49 351 8044810
Café Eckstein,Alaunstraße 47,01099,Dresden,Deutschland,http://www.cafe-eckstein-dresden.de/,+49 351 81071166
Café Andalieb,Louisenstraße 60,01099,Dresden,Deutschland,http://andalieb.de/,+49 351 30992024
TanteLeuk,Louisenstraße 24,01099,Dresden,Deutschland,http://tanteleuk.de/,+49 351 40754562
KAWA-Espressobar | Dresden,Hechtstraße 7,01097,Dresden,Deutschland,https://www.instagram.com/kawa_espressobar/,
Café Glocke - Tagesbar & Café | Dresden-Neustadt,"Pulsnitzer Straße 1, Ecke, Martin-Luther-Platz",01099,Dresden,Deutschland,https://www.cafeglocke.de/,+49 351 89962500
Café Sperling - Hör' auf deinen Bauch,Alaunstraße 86,01099,Dresden,Deutschland,http://www.sperling-cafe.de/,+49 174 1872342
Hofcafé im Hof des Lichts,Görlitzer Str. 25,01099,Dresden,Deutschland,https://kunsthof-dresden.de/gastronomie/hofcafe/,+49 351 32334066
Cafe & Bar Blumenau,Louisenstraße 67,01099,Dresden,Deutschland,http://www.cafe-blumenau.de/,+49 351 8026501
Cafe Cello,Bischofsweg 40,01099,Dresden,Deutschland,https://www.cafecello.de/,+49 351 81163525
Lloyd’s Café & Bar,Martin-Luther-Straße 17,01099,Dresden,Deutschland,http://www.lloyds-cafe-bar.de/,+49 351 5018774
URBEAN - Brunch | Cake | Coffee,Bautzner Str. 6,01099,Dresden,Deutschland,http://www.urbean.de/,+49 351 27558135
Café Caféklatsch,Königstraße 8,01097,Dresden,Deutschland,https://www.cafeklatsch-dresden.de/,+49 351 81157922
Combo,Louisenstraße 66,01099,Dresden,Deutschland,https://www.facebook.com/CafeCombo/,
